label	country	location
Afghanistan	Afghanistan	Afghanistan
Aichi	Japan	Aichi
Akita	Japan	Akita
Alabama	USA	Alabama
Alaska	USA	Alaska
Albania	Albania	Albania
Alberta	Canada	Alberta
Algeria	Algeria	Algeria
AliceSprings	Australia	NorthernTerritory
AmericanSamoa	AmericanSamoa	AmericanSamoa
Andaman	India	India
Anguilla	Anguilla	Anguilla
Aomori	Japan	Aomori
Aragon	Spain	Spain
Argentina	Argentina	Argentina
Arizona	USA	Arizona
Arkansas	USA	Arkansas
Astrakhan	Russia	Russia
Athens	Greece	Greece
Auckland	NewZealand	NewZealand
BadenWurttemberg	Germany	Germany
Bahamas	Bahamas	Bahamas
Baleares	Spain	Spain
Bangkok	Thailand	Thailand
Bangladesh	Bangladesh	Bangladesh
Barbados	Barbados	Barbados
Barcelona	Spain	Spain
Bayern	Germany	Germany
Beijing	China	Beijing
Belgium	Belgium	Belgium
Berlin	Germany	Germany
Bhutan	Bhutan	Bhutan
Bolivia	Bolivia	Bolivia
Bordeaux	France	France
Brandenburg	Germany	Germany
Bratislava	Slovakia	Slovakia
Brazil	Brazil	Brazil
Bremen	Germany	Germany
Bretagne	France	France
Brisbane	Australia	Queensland
BritishColumbia	Canada	BritishColumbia
Brussels	Belgium	Belgium
Bucuresti	Romania	Romania
Bulgaria	Bulgaria	Bulgaria
Busan	SouthKorea	SouthKorea
California	USA	California
Cambodia	Cambodia	Cambodia
Cameroon	Cameroon	Cameroon
Canberra	Australia	Canberra
CapeTown	SouthAfrica	SouthAfrica
Caracas	Venezuela	Venezuela
CaymanIslands	CaymanIslands	CaymanIslands
Ceara	Brazil	Brazil
Chachoengsao	Thailand	Thailand
Chanthaburi	Thailand	Thailand
Cheju	SouthKorea	SouthKorea
Chennai	India	India
Cheonbuk	SouthKorea	SouthKorea
Cheonnam	SouthKorea	SouthKorea
Chiba	Japan	Chiba
Chile	Chile	Chile
Chita	Russia	Russia
Choibalsan	Mongolia	Mongolia
Chongqing	China	Chongqing
Christchurch	NewZealand	NewZealand
Chungbuk	SouthKorea	SouthKorea
Chungnam	SouthKorea	SouthKorea
Chuuk	Micronesia	Micronesia
Cluj	Romania	Romania
Colombia	Colombia	Colombia
Colorado	USA	Colorado
Connecticut	USA	Connecticut
Cordoba	Spain	Spain
CostaRica	CostaRica	CostaRica
Cuba	Cuba	Cuba
Cyprus	Cyprus	Cyprus
Daegu	SouthKorea	SouthKorea
Daejeon	SouthKorea	SouthKorea
Dakar	Senegal	Senegal
Darwin	Australia	NorthernTerritory
Deajeon	SouthKorea	SouthKorea
Delaware	USA	Delaware
Delhi	India	India
Denmark	Denmark	Denmark
Dibrugarh	India	India
DistrictOfColumbia	USA	DistrictOfColumbia
Dnipropetrovsk	Ukraine	Ukraine
DominicanRepublic	DominicanRepublic	DominicanRepublic
Donetsk	Ukraine	Ukraine
Dornogobi	Mongolia	Mongolia
Dunedin	NewZealand	NewZealand
Ecuador	Ecuador	Ecuador
Egypt	Egypt	Egypt
Ehime	Japan	Ehime
Ekaterinburg	Russia	Russia
ElSalvador	ElSalvador	ElSalvador
England	UnitedKingdom	UnitedKingdom
Inverness	UnitedKingdom	UnitedKingdom
Erzurum	Turkey	Turkey
Esfahan	Iran	Iran
Estonia	Estonia	Estonia
Ethiopia	Ethiopia	Ethiopia
Euskadi	Spain	Spain
Fes	Morocco	Morocco
Fiji	Fiji	Fiji
Finland	Finland	Finland
Firenze	Italy	Italy
Florida	USA	Florida
Guiana	FrenchGuiana	FrenchGuiana
Fujian	China	Fujian
Fukui	Japan	Fukui
Fukuoka	Japan	Fukuoka
Fukushima	Japan	Fukushima
Galati	Romania	Romania
Gangwon	SouthKorea	SouthKorea
Gansu	China	Gansu
Geneva	Switzerland	Switzerland
Genoa	Italy	Italy
Georgia	USA	Georgia
Germany	Germany	Germany
Ghana	Ghana	Ghana
Ghazivin	Iran	Iran
Gibraltar	Gibraltar	Gibraltar
Gifu	Japan	Gifu
Greece	Greece	Greece
Grenoble	France	France
Guadeloupe	Guadeloupe	Guadeloupe
Guam	Guam	Guam
Guangdong	China	Guangdong
Guangxi	China	Guangxi
Guangzhou	China	Guangdong
Guatemala	Guatemala	Guatemala
Guizhou	China	Guizhou
Gunma	Japan	Gunma
Gyeonggi	SouthKorea	SouthKorea
Gyeongnam	SouthKorea	SouthKorea
Haiti	Haiti	Haiti
Hannover	Germany	Germany
Harbin	China	Heilongjiang
Hawaii	USA	Hawaii
Heilongjiang	China	Heilongjiang
Henan	China	Henan
Hessen	Germany	Germany
Hiroshima	Japan	Hiroshima
Hmelnizk	Ukraine	Ukraine
Hokkaido	Japan	Hokkaido
Honduras	Honduras	Honduras
HongKong	HongKong	HongKong
Hubei	China	Hubei
Hyogo	Japan	Hyogo
Ibaraki	Japan	Ibaraki
Iceland	Iceland	Iceland
Idaho	USA	Idaho
Illinois	USA	Illinois
Incheon	SouthKorea	SouthKorea
Indiana	USA	Indiana
Indonesia	Indonesia	Indonesia
Iowa	USA	Iowa
Ireland	Ireland	Ireland
Ishikawa	Japan	Ishikawa
Israel	Israel	Israel
Italy	Italy	Italy
Ivacevichi	Belarus	Belarus
IvoryCoast	IvoryCoast	IvoryCoast
Iwate	Japan	Iwate
Jamaica	Jamaica	Jamaica
Japan	Japan	Japan
Jaroslavl	Russia	Russia
Jeju	SouthKorea	SouthKorea
Jeonbuk	SouthKorea	SouthKorea
Jiangsu	China	Jiangsu
Jiangxi	China	Jiangxi
Jilin	China	Jilin
Johannesburg	SouthAfrica	SouthAfrica
Kagawa	Japan	Kagawa
Kagoshima	Japan	Kagoshima
Kaliningrad	Russia	Russia
Kamphaengphet	Thailand	Thailand
Kanagawa	Japan	Kanagawa
Kawasaki	Japan	Kanagawa
Kemerovo	Russia	Russia
Kentucky	USA	Kentucky
Kenya	Kenya	Kenya
Khabarovsk	Russia	Russia
Khmelnitsky	Ukraine	Ukraine
Kiev	Ukraine	Ukraine
Kiribati	Kiribati	Kiribati
Kitakyushu	Japan	Fukuoka
Kobe	Japan	Hyogo
Kochi	Japan	Kochi
Kolkutta	India	India
Kumamoto	Japan	Kumamoto
Kuwait	Kuwait	Kuwait
Kwangju	SouthKorea	SouthKorea
Kyongbuk	SouthKorea	SouthKorea
Kyoto	Japan	Kyoto
Kyunggi	SouthKorea	SouthKorea
Kyungnam	SouthKorea	SouthKorea
Labrador	Canada	Labrador
Laos	Laos	Laos
Latur	India	India
Latvia	Latvia	Latvia
Leon	Spain	Spain
Liaoning	China	Liaoning
Limoges	France	France
Lipetsk	Russia	Russia
Lisboa	Portugal	Portugal
LopBuri	Thailand	Thailand
Louisiana	USA	Louisiana
Luxembourg	Luxembourg	Luxembourg
Lyon	France	France
Macau	Macau	Macau
Madagascar	Madagascar	Madagascar
MaeHongSon	Thailand	Thailand
Maine	USA	Maine
Malaysia	Malaysia	Malaysia
Manitoba	Canada	Manitoba
Marseille	France	France
Martinique	Martinique	Martinique
Maryland	USA	Maryland
Massachusetts	USA	Massachusetts
Mauritius	Mauritius	Mauritius
Memphis	USA	Tennessee
Mexico	Mexico	Mexico
Michigan	USA	Michigan
Mie	Japan	Mie
Minnesota	USA	Minnesota
Minsk	Belarus	Belarus
Mississippi	USA	Mississippi
Missouri	USA	Missouri
Miyagi	Japan	Miyagi
Miyazaki	Japan	Miyazaki
Moldova	Moldova	Moldova
Montana	USA	Montana
Montevideo	Uruguay	Uruguay
Morobe	PapuaNewGuinea	PapuaNewGuinea
Moscow	Russia	Russia
Murcia	Spain	Spain
Nagano	Japan	Nagano
Nagasaki	Japan	Nagasaki
Nagoya	Japan	Aichi
Nakhonratchasima	Thailand	Thailand
Nanded	India	India
Nara	Japan	Nara
Nashik	India	India
Nebraska	USA	Nebraska
NeiMongol	China	Neimenggu
Nepal	Nepal	Nepal
Netherlands	Netherlands	Netherlands
Nevada	USA	Nevada
NewBrunswick	Canada	NewBrunswick
NewCaledonia	NewCaledonia	NewCaledonia
Newcastle	Australia	NewSouthWales
Newfoundland	Canada	Newfoundland
NewHampshire	USA	NewHampshire
NewJersey	USA	NewJersey
NewMexico	USA	NewMexico
NewSouthWales	Australia	NewSouthWales
NewYork	USA	NewYork
Nicaragua	Nicaragua	Nicaragua
Nice	France	France
Nigeria	Nigeria	Nigeria
Niigata	Japan	Niigata
Ningbo	China	Zhejiang
Ningxia	China	Ningxia
NongKhai	Thailand	Thailand
Nonthaburi	Thailand	Thailand
NordrheinWestfalen	Germany	Germany
NorthCarolina	USA	NorthCarolina
NorthDakota	USA	NorthDakota
NorthernMarianasIslands	NorthernMarianaIslands	NorthernMarianaIslands
NorthernTerritory	Australia	NorthernTerritory
Norway	Norway	Norway
NovaScotia	Canada	NovaScotia
Novosibirsk	Russia	Russia
Ohio	USA	Ohio
Oita	Japan	Oita
Okayama	Japan	Okayama
Okinawa	Japan	Okinawa
Oklahoma	USA	Oklahoma
Omsk	Russia	Russia
Ontario	Canada	Ontario
Oregon	USA	Oregon
Osaka	Japan	Osaka
Oslo	Norway	Norway
Otago	NewZealand	NewZealand
Padova	Italy	Italy
Panama	Panama	Panama
Paraguay	Paraguay	Paraguay
Paris	France	France
Parma	Italy	Italy
Peloponnese	Greece	Greece
Pennsylvania	USA	Pennsylvania
Perth	Australia	WesternAustralia
Perugia	Italy	Italy
Philippines	Philippines	Philippines
Poitiers	France	France
Prague	CzechRepublic	CzechRepublic
PrinceEdwardIsland	Canada	PrinceEdwardIsland
PuertoRico	PuertoRico	PuertoRico
Pune	India	India
Pusan	SouthKorea	SouthKorea
Qinghai	China	Qinghai
Quebec	Canada	Quebec
Queensland	Australia	Queensland
Ratnagiri	India	India
RheinlandPfalz	Germany	Germany
RhodeIsland	USA	RhodeIsland
Romania	Romania	Romania
Rosario	Argentina	Argentina
Sabac	Serbia	Serbia
Saga	Japan	Saga
Sainshand	Mongolia	Mongolia
Saitama	Japan	Saitama
Sakai	Japan	Osaka
Salamanca	Spain	Spain
Sangali	Philippines	Philippines
Santiago	Chile	Chile
Sapporo	Japan	Hokkaido
Saraburi	Thailand	Thailand
Saskatchewan	Canada	Saskatchewan
Scotland	UnitedKingdom	UnitedKingdom
Sendai	Japan	Miyagi
Seoul	SouthKorea	SouthKorea
Shaanxi	China	Shaanxi
Shandong	China	Shandong
Shanghai	China	Shanghai
Shantou	China	Guangdong
Shanxi	China	Shanxi
Shenzhen	China	Guangdong
Shimane	Japan	Shimane
Shizuoka	Japan	Shizuoka
Sichuan	China	Sichuan
Singapore	Singapore	Singapore
Slovenia	Slovenia	Slovenia
Sofia	Bulgaria	Bulgaria
SolomonIslands	SolomonIslands	SolomonIslands
Songkhla	Thailand	Thailand
SouthAuckland	NewZealand	NewZealand
SouthAustralia	Australia	SouthAustralia
SouthCarolina	USA	SouthCarolina
SouthDakota	USA	SouthDakota
SouthKorea	SouthKorea	SouthKorea
Spain	Spain	Spain
SriLanka	SriLanka	SriLanka
Stockholm	Sweden	Sweden
StPetersburg	Russia	Russia
Sukhbaatar	Mongolia	Mongolia
SuratThani	Thailand	Thailand
Suriname	Suriname	Suriname
Sweden	Sweden	Sweden
Switzerland	Switzerland	Switzerland
Sydney	Australia	NewSouthWales
Syria	Syria	Syria
Taiwan	Taiwan	Taiwan
Tanger	Morocco	Morocco
Tanzania	Tanzania	Tanzania
Tasmania	Australia	Tasmania
Tehran	Iran	Iran
Tennessee	USA	Tennessee
Texas	USA	Texas
Thailand	Thailand	Thailand
Thessaloniki	Greece	Greece
Thuringen	Germany	Germany
Tianjin	China	Tianjin
Tochigi	Japan	Tochigi
Tokushima	Japan	Tokushima
Tokyo	Japan	Tokyo
Torino	Italy	Italy
Tottori	Japan	Tottori
Toulon	France	France
Townsville	Australia	Queensland
Toyama	Japan	Toyama
Trieste	Italy	Italy
Tunisia	Tunisia	Tunisia
Turkey	Turkey	Turkey
Uganda	Uganda	Uganda
Ukraine	Ukraine	Ukraine
Ulaanbaatar	Mongolia	Mongolia
UlanUde	Russia	Russia
Ulsan	SouthKorea	SouthKorea
Umea	Sweden	Sweden
UnitedKingdom	UnitedKingdom	UnitedKingdom
Uruguay	Uruguay	Uruguay
Ushuaia	Argentina	Argentina
Utah	USA	Utah
Uvurkhangai	Mongolia	Mongolia
Vellore	India	India
Venezuela	Venezuela	Venezuela
Vermont	USA	Vermont
Victoria	Australia	Victoria
Vietnam	Vietnam	Vietnam
VirginIslands	USA	VirginIslands
Vladimir	Russia	Russia
Volos	Greece	Greece
Voronezh	Russia	Russia
Waikato	NewZealand	NewZealand
Wakayama	Japan	Wakayama
Wallonia	Belgium	Belgium
Washington	USA	Washington
Wellington	NewZealand	NewZealand
WesternAustralia	Australia	WesternAustralia
WesternSepik	PapuaNewGuinea	PapuaNewGuinea
WestVirginia	USA	WestVirginia
Wisconsin	USA	Wisconsin
Wuhan	China	Hubei
Wuzhou	China	Guangxi
Wyoming	USA	Wyoming
Xiamen	China	Fujian
Xinjiang	China	Xinjiang
Yamagata	Japan	Yamagata
Yamaguchi	Japan	Yamaguchi
Yamanashi	Japan	Yamanashi
Yaroslavl	Russia	Russia
Yokohama	Japan	Kanagawa
Yunnan	China	Yunnan
Zagreb	Croatia	Croatia
Zhejiang	China	Zhejiang
Zrenjanin	Serbia	Serbia
CotedIvoire	IvoryCoast	IvoryCoast
Guyane	FrenchGuiana	FrenchGuiana
Nothaburi	Thailand	Thailand
Hunan	China	Hunan
Beijng	China	Beijing
BadenWuerttemburg	Germany	Germany
Korea	SouthKorea	SouthKorea
Managua	Nicaragua	Nicaragua
Xinjing	China	Xinjiang
Macedonia	Macedonia	Macedonia
Vladivostok	Russia	Russia
Iraq	Iraq	Iraq
Canterbury	NewZealand	NewZealand
Hamedan	Iran	Iran
Valparaiso	Chile	Chile
Montserrat	Montserrat	Montserrat
Kazakhstan	Kazakhstan	Kazakhstan
Lisbon	Portugal	Portugal
Suphanburi	Thailand	Thailand
Hungary	Hungary	Hungary
Naghpur	India	India
Krasnoyarsk	Russia	Russia
Massachussetts	USA	Massachusetts
Boston	USA	Massachusetts
Kisii	Kenya	Kenya
Tula	Russia	Russia
Orkhon	Mongolia	Mongolia
Azarbayejan	Azerbaijan	Azerbaijan
Qatar	Qatar	Qatar
Toulouse	France	France
Kisumu	Kenya	Kenya
Mongolia	Mongolia	Mongolia
Prachinburi	Thailand	Thailand
Constanta	Romania	Romania
Isiolo	Kenya	Kenya
Birjand	Iran	Iran
Kursk	Russia	Russia
Coyhaique	Chile	Chile
Khorasan	Iran	Iran
Cherkasy	Ukraine	Ukraine
Leiden	Netherlands	Netherlands
Kyrgyzstan	Kyrgyzstan	Kyrgyzstan
Heilongijang	China	Heilongjiang
Neimenggu	China	Neimenggu
Kericho	Kenya	Kenya
Daejeion	SouthKorea	SouthKorea
Sakaew	Thailand	Thailand
Chelyabinsk	Russia	Russia
Arkhangelsk	Russia	Russia
Khozestan	Iran	Iran
Yuelu	China	Hunan
Belem	Brazil	Brazil
Mazandaran	Iran	Iran
Iasi	Romania	Romania
Kangwon	SouthKorea	SouthKorea
Gholestan	Iran	Iran
Yazd	Iran	Iran
Ayutthaya	Thailand	Thailand
Ratchaburi	Thailand	Thailand
Ostrava	CzechRepublic	CzechRepublic
Mbagathi	Kenya	Kenya
Samara	Russia	Russia
Tabriz	Iran	Iran
Luhansk	Ukraine	Ukraine
Myanmar	Myanmar	Myanmar
Piura	Peru	Peru
Tumbes	Peru	Peru
Maldonado	Uruguay	Uruguay
Houston	USA	Texas
Cusco	Peru	Peru
RioDeJaneiro	Brazil	Brazil
Guayas	Ecuador	Ecuador
Genova	Italy	Italy
Slovakia	Slovakia	Slovakia
Milan	Italy	Italy
Kharkov	Ukraine	Ukraine
Sullana	Peru	Peru
Juliaca	Peru	Peru
PapuaNewGuinea	PapuaNewGuinea	PapuaNewGuinea
Concepcion	Chile	Chile
Temple	USA	Pennsylvania
Yurimaguas	Peru	Peru
Chanchamayo	Peru	Peru
Guayaquil	Ecuador	Ecuador
Pucallpa	Peru	Peru
StLucia	SaintLucia	SaintLucia
Ancon	Peru	Peru
Arequipa	Peru	Peru
Puno	Peru	Peru
Belgrade	Serbia	Serbia
Talcahuano	Chile	Chile
CookIslands	CookIslands	CookIslands
Siena	Italy	Italy
Jordan	Jordan	Jordan
Canarias	CanaryIslands	CanaryIslands
Iquitos	Peru	Peru
LosAngeles	USA	California
Odessa	Ukraine	Ukraine
Nairobi	Kenya	Kenya
Iquique	Chile	Chile
Phitsanulok	Thailand	Thailand
Dniprodzerzinsk	Ukraine	Ukraine
Cochabamba	Bolivia	Bolivia
Uzbekistan	Uzbekistan	Uzbekistan
Khmelnytskyi	Ukraine	Ukraine
Trinidad	TrinidadTobago	TrinidadTobago
Rivne	Ukraine	Ukraine
Antofagasta	Chile	Chile
Novgorod	Russia	Russia
Goroka	PapuaNewGuinea	PapuaNewGuinea
Junin	Peru	Peru
Zamora	Spain	Spain
Wulumuqi	China	Xinjiang
Shiraz	Iran	Iran
Austria	Austria	Austria
Babol	Iran	Iran
Bahia	Brazil	Brazil
Bogota	Colombia	Colombia
Casablanca	Morocco	Morocco
Corsica	France	France
Cheongju	SouthKorea	SouthKorea
Andalucia	Spain	Spain
Ashburton	NewZealand	NewZealand
CastillaLaMancha	Spain	Spain
Extremadura	Spain	Spain
Galicia	Spain	Spain
Evros	Greece	Greece
Boshehr	Iran	Iran
Hanoi	Vietnam	Vietnam
Alexandroupolis	Greece	Greece
Acre	Brazil	Brazil
Alupe	Kenya	Kenya
Assam	India	India
BacNinh	Vietnam	Vietnam
BacGiang	Vietnam	Vietnam
DaNang	Vietnam	Vietnam
Istanbul	Turkey	Turkey
Gwangju	SouthKorea	SouthKorea
Gyeongbuk	SouthKorea	SouthKorea
Madrid	Spain	Spain
Malindi	Kenya	Kenya
Lebanon	Lebanon	Lebanon
Lipezk	Russia	Russia
Qingdao	China	Shandong
Petrozavodsk	Russia	Russia
Penza	Russia	Russia
Navarra	Spain	Spain
Nanjing	China	Jiangsu
NamDinh	Vietnam	Vietnam
Morioka	Japan	Iwate
Zhuhai	China	Guangdong
Yucatan	Mexico	Mexico
Whanganui	NewZealand	NewZealand
Toronto	Canada	Ontario
Tilburg	Netherlands	Netherlands
Tbilisi	GeorgiaCountry	GeorgiaCountry
TayNguyen	Vietnam	Vietnam
Tairawhiti	NewZealand	NewZealand
Tahiti	FrenchPolynesia	FrenchPolynesia
Hamamatu	Japan	Shizuoka
Khovd	Mongolia	Mongolia
Cnic	China	China
Sergipe	Brazil	Brazil
Southland	NewZealand	NewZealand
Prajianburi	Thailand	Thailand
PaisVasco	Spain	Spain
Pandharpur	India	India
Parana	Brazil	Brazil
LangSon	Vietnam	Vietnam
Manhean	Ghana	Ghana
Kunming	China	Yunnan
Kilkis	Greece	Greece
KhanhHoa	Vietnam	Vietnam
HoaBinh	Vietnam	Vietnam
Kolkata	India	India
Kermanshah	Iran	Iran
Kastoria	Greece	Greece
Jochiwon	SouthKorea	SouthKorea
Mombasa	Kenya	Kenya
Catalonia	Spain	Spain
Budapest	Hungary	Hungary
Brownsville	USA	Texas
Warsaw	Poland	Poland
Wurzburg	Germany	Germany
Yakutsk	Russia	Russia
Zavkhan	Mongolia	Mongolia
Zhoushan	China	Zhejiang
Weidu	China	Henan
Weidong	China	Henan
Ulyanovsk	Russia	Russia
Utsunomiya	Japan	Tochigi
Vienna	Austria	Austria
Turin	Italy	Italy
Trujillo	Peru	Peru
Tessenderlo	Belgium	Belgium
Terrassa	Spain	Spain
Tallinn	Estonia	Estonia
Taipei	Taiwan	Taiwan
ThaiBinh	Vietnam	Vietnam
Tambov	Russia	Russia
Shahriar	Iran	Iran
Strasbourg	France	France
Russia	Russia	Russia
Pernambuco	Brazil	Brazil
Pensacola	USA	Florida
Pavia	Italy	Italy
Newark	USA	NewJersey
Neamt	Romania	Romania
Nanchang	China	Jiangxi
Murmansk	Russia	Russia
Munich	Germany	Germany
Montreal	Canada	Quebec
Melbourne	Australia	Victoria
Maramures	Romania	Romania
Maracay	Venezuela	Venezuela
Magadan	Russia	Russia
Lorestan	Iran	Iran
Karaj	Iran	Iran
Katerini	Greece	Greece
Kaluga	Russia	Russia
Jakarta	Indonesia	Indonesia
Ivanovo	Russia	Russia
Ilfov	Romania	Romania
Hvidovre	Denmark	Denmark
HoChiMinh	Vietnam	Vietnam
Helsinki	Finland	Finland
Habana	Cuba	Cuba
Goias	Brazil	Brazil
Frankfurt	Germany	Germany
Dongcheng	China	Beijing
Djibouti	Djibouti	Djibouti
Dambovita	Romania	Romania
Copenhagen	Denmark	Denmark
Chicago	USA	Illinois
Cologne	Germany	Germany
Chengdu	China	Sichuan
Cheboksary	Russia	Russia
Buzau	Romania	Romania
Brawley	USA	California
Botosani	Romania	Romania
Braila	Romania	Romania
Bishkek	Kyrgyzstan	Kyrgyzstan
Bethlehem	Palestine	Palestine
Bethesda	USA	Maryland
Belgorod	Russia	Russia
Bayanulgii	Mongolia	Mongolia
Baofeng	China	Henan
Astana	Kazakhstan	Kazakhstan
Ashgabat	Turkmenistan	Turkmenistan
Archangelsk	Russia	Russia
Antwerp	Belgium	Belgium
Ankara	Turkey	Turkey
Amman	Jordan	Jordan
Alagoas	Brazil	Brazil
Aarhus	Denmark	Denmark
Aalborg	Denmark	Denmark
Wroclaw	Poland	Poland
Volgograd	Russia	Russia
Vladivistok	Russia	Russia
Trabzon	Turkey	Turkey
TayNinh	Vietnam	Vietnam
Taizhou	China	Zhejiang
Sulaimani	Iraq	Iraq
Suceava	Romania	Romania
StEtienne	France	France
Stavropol	Russia	Russia
Serres	Greece	Greece
Salaj	Romania	Romania
Rennes	France	France
Rabat	Morocco	Morocco
Prahova	Romania	Romania
Poland	Poland	Poland
Piaui	Brazil	Brazil
Palermo	Italy	Italy
Orenburg	Russia	Russia
Odense	Denmark	Denmark
Monterrey	Mexico	Mexico
Merida	Mexico	Mexico
Medellin	Colombia	Colombia
Lishui	China	Zhejiang
Larisa	Greece	Greece
Korlebu	Ghana	Ghana
Kavala	Greece	Greece
Karasuk	Russia	Russia
Jinhua	China	Zhejiang
Jiangyin	China	Jiangsu
Jeonnam	SouthKorea	SouthKorea
Izhevsk	Russia	Russia
Harghita	Romania	Romania
Hamburg	Germany	Germany
Haishu	China	Zhejiang
Giannitsa	Greece	Greece
Gdansk	Poland	Poland
Covasna	Romania	Romania
Changchun	China	Jilin
Xuchang	China	Henan
Xigong	China	Henan
Valencia	Spain	Spain
Saratov	Russia	Russia
Ptolemaida	Greece	Greece
Anadyr	Russia	Russia
Bryansk	Russia	Russia
Brasov	Romania	Romania
Bochum	Germany	Germany
Bamako	Mali	Mali
Bihor	Romania	Romania
Blagovechensk	Russia	Russia
Zhongyuan	China	Henan
Almaty	Kazakhstan	Kazakhstan
Selenge	Mongolia	Mongolia
Riyadh	SaudiArabia	SaudiArabia
Chantaburi	Thailand	Thailand
Arvaikheer	Mongolia	Mongolia
France	France	France
Kenitra	Morocco	Morocco
Lithuania	Lithuania	Lithuania
Marrakech	Morocco	Morocco
EspiritoSanto	Brazil	Brazil
Charlottesville	USA	Virginia
Astrahan	Russia	Russia
Belize	Belize	Belize
Brunei	Brunei	Brunei
Chambery	France	France
Changwon	SouthKorea	SouthKorea
Kyounggi	SouthKorea	SouthKorea
Kyongnam	SouthKorea	SouthKorea
Inchon	SouthKorea	SouthKorea
Madang	PapuaNewGuinea	PapuaNewGuinea
Mangua	Nicaragua	Nicaragua
Middleburg	SouthAfrica	SouthAfrica
Bucharest	Romania	Romania
Calarasi	Romania	Romania
Granada	Spain	Spain
Mendoza	Argentina	Argentina
Tucuman	Argentina	Argentina
Surabaya	Indonesia	Indonesia
Shijiazhuang	China	Hebei
Thueringen	Germany	Germany
Pretoria	SouthAfrica	SouthAfrica
Neuquen	Argentina	Argentina
RioGdoSul	Brazil	Brazil
Niedersachsen	Germany	Germany
Ucayali	Peru	Peru
Misiones	Argentina	Argentina
MadreDeDios	Peru	Peru
Pachgani	India	India
Kadoma	Zimbabwe	Zimbabwe
Craiova	Romania	Romania
Soligorsk	Belarus	Belarus
Lazio	Italy	Italy
Mogilev	Belarus	Belarus
Vologda	Russia	Russia
Rochester	USA	NewYork
Nashville	USA	Tennessee
Zarumilla	Peru	Peru
Valdivia	Chile	Chile
Lusaka	Zambia	Zambia
Hunedoara	Romania	Romania
Zaporizza	Ukraine	Ukraine
Thessalonika	Greece	Greece
Misawa	Japan	Aomori
Kamata	Japan	Tokyo
Yangon	Myanmar	Myanmar
Nyiregyhaza	Hungary	Hungary
Naypyitaw	Myanmar	Myanmar
Lesvos	Greece	Greece
Podgorica	Montenegro	Montenegro
Morocco	Morocco	Morocco
Coted'Ivoire	IvoryCoast	IvoryCoast
Cote_d_Ivoire	IvoryCoast	IvoryCoast
Cote-dIvoire	IvoryCoast	IvoryCoast
Cote-d'Ivoire	IvoryCoast	IvoryCoast
Cote_d'Ivoire	IvoryCoast	IvoryCoast
Hong_Kong	HongKong	HongKong
New_York	USA	NewYork
New-York	USA	NewYork
Sri_Lanka	SriLanka	SriLanka
El_Salvador	ElSalvador	ElSalvador
Rhode_Island	USA	RhodeIsland
District_of_Columbia	USA	DistrictOfColumbia
District-of-Columbia	USA	DistrictOfColumbia
South_Australia	Australia	SouthAustralia
South-Australia	Australia	SouthAustralia
Hong-Kong	HongKong	HongKong
Surat_Thani	Thailand	Thailand
Western_Sepik	PapuaNewGuinea	PapuaNewGuinea
Western-Sepik	PapuaNewGuinea	PapuaNewGuinea
Port-Moresby	PapuaNewGuinea	PapuaNewGuinea
Costa_Rica	CostaRica	CostaRica
New_Jersey	USA	NewJersey
New-Jersey	USA	NewJersey
North_Dakota	USA	NorthDakota
North-Dakota	USA	NorthDakota
British_Columbia	Canada	BritishColumbia
South_Carolina	USA	SouthCarolina
South-Carolina	USA	SouthCarolina
North_Carolina	USA	NorthCarolina
North-Carolina	USA	NorthCarolina
Puerto_Rico	PuertoRico	PuertoRico
Puerto-Rico	PuertoRico	PuertoRico
St._Petersburg	Russia	Russia
St.-Petersburg	Russia	Russia
St_Petersburg	Russia	Russia
St-Petersburg	Russia	Russia
St.Petersburg	Russia	Russia
Saint_Petersburg	Russia	Russia
Saint-Petersburg	Russia	Russia
Cayman_Islands	CaymanIslands	CaymanIslands
New_Hampshire	USA	NewHampshire
New-Hampshire	USA	NewHampshire
South_Dakota	USA	SouthDakota
South-Dakota	USA	SouthDakota
Ulan_Ude	Russia	Russia
Ulan-Ude	Russia	Russia
Rheinland-Pfalz	Germany	Germany
Baden-Wuerttemburg	Germany	Germany
Baden_Wurttemberg	Germany	Germany
Baden_Wuerttemberg	Germany	Germany
Baden-Wuerttemberg	Germany	Germany
Nong_Khai	Thailand	Thailand
New-Caledonia	NewCaledonia	NewCaledonia
New_Caledonia	NewCaledonia	NewCaledonia
Cape_Town	SouthAfrica	SouthAfrica
Cape-Town	SouthAfrica	SouthAfrica
Nordrhein-Westfalen	Germany	Germany
Nong-Khai	Thailand	Thailand
Costa-Rica	CostaRica	CostaRica
Mae-Hong-Son	Thailand	Thailand
Alice-Springs	Australia	NorthernTerritory
Baden-Wurttemberg	Germany	Germany
Lop-Buri	Thailand	Thailand
Dominican-Republic	DominicanRepublic	DominicanRepublic
Solomon-Islands	SolomonIslands	SolomonIslands
Solomon_Islands	SolomonIslands	SolomonIslands
West-Virginia	USA	WestVirginia
West_Virginia	USA	WestVirginia
El-Salvador	ElSalvador	ElSalvador
Sri-Lanka	SriLanka	SriLanka
Northern-Marianas-Islands	NorthernMarianaIslands	NorthernMarianaIslands
Northern-Mariana-Islands	NorthernMarianaIslands	NorthernMarianaIslands
Northern_Mariana_Islands	NorthernMarianaIslands	NorthernMarianaIslands
Western-Australia	Australia	WesternAustralia
Rhode-Island	USA	RhodeIsland
British-Columbia	Canada	BritishColumbia
Ribeirao-Preto	Brazil	Brazil
Kwazulu-Natal	SouthAfrica	SouthAfrica
Chiang-Rai	Thailand	Thailand
Nei-Mongol	China	Neimenggu
Surat-Thani	Thailand	Thailand
Bay_of_Plenty	NewZealand	NewZealand
Rio_de_Janeiro	Brazil	Brazil
San_Salvador	ElSalvador	ElSalvador
Santo_Domingo	DominicanRepublic	DominicanRepublic
West_Coast	NewZealand	NewZealand
United_Kingdom	UnitedKingdom	UnitedKingdom
South_Africa	SouthAfrica	SouthAfrica
Minas_Gerais	Brazil	Brazil
Nakhon_Ratachasima	Thailand	Thailand
Nelson_Marlborough	NewZealand	NewZealand
Silver_Spring	USA	Maryland
Sao_Paulo	Brazil	Brazil
San_Diego	USA	California
Santa_Catarina	Brazil	Brazil
San_Antonio	USA	Texas
Rio_Grande_do_Sul	Brazil	Brazil
North_Fitzroy	Australia	Victoria
Los_Angeles	USA	California
Mato_Grosso	Brazil	Brazil
Distrito_Federal	Brazil	Brazil
Ft_Carson	USA	Colorado
Czech_Republic	CzechRepublic	CzechRepublic
Cherry_Point	USA	NorthCarolina
Central_African_Republic	CentralAfricanRepublic	CentralAfricanRepublic
Castilla_La_Mancha	Spain	Spain
Caras_Severin	Romania	Romania
Bandar_Abbas	Iran	Iran
Addis_Ababa	Ethiopia	Ethiopia
Santa_Cruz	Bolivia	Bolivia
Sachsen_Anhalt	Germany	Germany
Ruzhou	China	Henan
Rostov_oblast	Russia	Russia
Puerto_Montt	Chile	Chile
Port_Au_Prince	Haiti	Haiti
Pais_Vasco	Spain	Spain
La_Paz	Bolivia	Bolivia
Khon_Kaen	Thailand	Thailand
Joshkar_Ola	Russia	Russia
Ft.Benning	USA	Georgia
Bistrita_Nasaud	Romania	Romania
Cape_May	USA	NewJersey
Canada_SK	Canada	Saskatchewan
Canada_QC	Canada	Quebec
Canada_ON	Canada	Ontario
Canada_NWT	Canada	NorthwestTerritories
Canada_NFL	Canada	NewfoundlandAndLabrador
Canada_NB	Canada	NewBrunswick
Canada_PQ	Canada	Quebec
Canada_MB	Canada	Manitoba
Canada_BC	Canada	BritishColumbia
Canada_AB	Canada	Alberta
Canada_NS	Canada	NovaScotia
Espirito_Santo	Brazil	Brazil
Buenos_Aires	Brazil	Brazil
Cayman-Islands	CaymanIslands	CaymanIslands
New_South_Wales	Australia	NewSouthWales
New-South-Wales	Australia	NewSouthWales
Western_Australia	Australia	WesternAustralia
Mecklenburg_Vorpommern	Germany	Germany
Mar_del_Plata	Argentina	Argentina
Santa_Fe	USA	NewMexico
La_Plata	Argentina	Argentina
Nordrhein_Westfalen	Germany	Germany
Hung_Yen	Vietnam	Vietnam
Tay_Nguyen	Vietnam	Vietnam
Madre_de_Dios	Peru	Peru
Cook_Islands	CookIslands	CookIslands
Saudi_Arabia	SaudiArabia	SaudiArabia
Saudi-Arabia	SaudiArabia	SaudiArabia
Petropavlovsk-Kamchatski	Russia	Russia
St_Lucia	SaintLucia	SaintLucia
Chan_Thaburi	Thailand	Thailand
St.Louis	USA	Missouri
/Dolj/	Romania	Romania
Orchon	Mongolia	Mongolia
/Awb/	India	India
/Hnl/	India	India
/Blore/	India	India
/Castro/	Chile	Chile
/Ngp/	India	India
/Olt/	Romania	Romania
/Ghom/	Iran	Iran
/Kol/	India	India
/Lagos/	Nigeria	Nigeria
/Mures/	Romania	Romania
/Nsk/	India	India
/Orel/	Russia	Russia
/Arad/	Romania	Romania
/Bari/	Italy	Italy
/Bonn/	Germany	Germany
Iran	Iran	Iran
Lima	Peru	Peru
/Lur/	India	India
/Mum/	India	India
/Perm/	Russia	Russia
Rome	Italy	Italy
/Timis/	Romania	Romania
/Vadu/	India	India
/Ufa/	Russia	Russia
/Tver/	Russia	Russia
/Ulgii/	Mongolia	Mongolia
USA	USA	USA
/Hutt/	NewZealand	NewZealand
Hue	Vietnam	Vietnam
/HaNam/	Vietnam	Vietnam
/Australia/	Australia	Australia
/Che/	India	India
/Rtng/	India	India
/Bcm/	USA	Texas
/Casa/	Morocco	Morocco
/Chaco/	Argentina	Argentina
/Caen/	France	France
/Malmo/	Sweden	Sweden
/Salta/	Argentina	Argentina
/HungYen/	Vietnam	Vietnam
/Wuxi/	China	Jiangsu
/Daeku/	SouthKorea	SouthKorea
/Trento/	Italy	Italy
/Durban/	SouthAfrica	SouthAfrica
/Chonnam/	SouthKorea	SouthKorea
CHAMCHAMAYO	Peru	Peru
NNOVGOROD	Russia	Russia
Chachamayo	Peru	Peru
Surinami	Suriname	Suriname
Shannxi	China	Shaanxi
TAIWN	Taiwan	Taiwan
STACATARINA	Brazil	Brazil
BRUSSEL	Belgium	Belgium
KYONGGI	SouthKorea	SouthKorea
PHILLIPPNES	Philippines	Philippines
NEIMENG	China	Neimenggu
Uvurkhagai	Mongolia	Mongolia
Singpaore	Singapore	Singapore
Salehard	Russia	Russia
New_Mexcio	USA	NewMexico
/Kouchi/	Japan	Kochi
Delware	USA	Delaware
Shangdong	China	Shandong
RioGdeSul	Brazil	Brazil
Guanxi	China	Guangxi
NEWsYORK	USA	NewYork
Jinlin	China	Jilin
Kalingrad	Russia	Russia
A/CN/17/96	Canada	Canada
A/CN/27/96	Canada	Canada
A/CN/61/96	Canada	Canada
A/TX/9/96	USA	Texas
A/KO/671/97	SouthKorea	SouthKorea
A/KO/679/97	SouthKorea	SouthKorea
A/CA/13/96	USA	California
A/TH/78/97	Thailand	Thailand
A/TH/79/97	Thailand	Thailand
A/MN/1/97	USA	Minnesota
A/MN/1/96	USA	Minnesota
A/JA/416/97	Japan	Japan
A/MO/10/96	USA	Missouri
A/MO/11/96	USA	Missouri
A/AG/39/96	Argentina	Argentina
A/AG/201/96	Argentina	Argentina
A/AG/607/96	Argentina	Argentina
A/NY/55/96	USA	NewYork
A/NY/50/96	USA	NewYork
A/NJ/8/96	USA	NewJersey
A/HK/387/97	HongKong	HongKong
A/BR/43/97	Brazil	Brazil
CHU/2-524/2005	SouthKorea	SouthKorea
DC-AHERN-L	USA	DistrictOfColumbia
UK/1861-CDC-20030709-ROW-12/2003	UnitedKingdom	UnitedKingdom
A/GUANGER/227/2000	China	China
A/MO/6/96	USA	Missouri
A/JA/99/96	Japan	Japan
A/RI/7/97	USA	RhodeIsland
A/NL/365/2007	Netherlands	Netherlands
A/West-Coast/31/2001	NewZealand	NewZealand
A/West-Coast/33/2001	NewZealand	NewZealand
A/PA/2/97	USA	Pennsylvania
A/BR/87/96	Brazil	Brazil
A/CO/11/96	USA	Colorado
B/M/09882/2008	India	India
B/M/09883/2008	India	India
B/M/09883/201008	India	India
B/M/09882/180908	India	India
HK/120/2009	HongKong	HongKong
A/WA/5/96	USA	Washington
A/TX/11/96	USA	Texas
A/VN/1249/2001	Vietnam	Vietnam
A/VN/1293/2001	Vietnam	Vietnam
A/DE/4/97	USA	Delaware
^DO-	DominicanRepublic	DominicanRepublic
^CS-	CostaRica	CostaRica
^ET-	Ethiopia	Ethiopia
^TD-	TrinidadTobago	TrinidadTobago
^TX-	USA	Texas
^NJ-	USA	NewJersey
^WI-	USA	Wisconsin
^VA-	USA	Virginia
^AZ-	USA	Arizona
^CL-	Colombia	Colombia
^AG-	Argentina	Argentina
^NY-	USA	NewYork
^KS-	USA	Kansas
^TW-	Taiwan	Taiwan
^IA-	USA	Iowa
^EG-	Egypt	Egypt
^GE-	Germany	Germany
^UA-	Ukraine	Ukraine
^NC-	USA	NorthCarolina
^BA-	Bangladesh	Bangladesh
^HI-	USA	Hawaii
^TH-	Thailand	Thailand
^KO-	SouthKorea	SouthKorea
^PE-	Peru	Peru
^CN-	Canada	Canada
^WY-	USA	Wyoming
^WV-	USA	WestVirginia
^II-	India	India
^UY-	Uruguay	Uruguay
^LA-	USA	Louisiana
^FG-	FrenchGuiana	FrenchGuiana
^CI-	Chile	Chile
^NE-	USA	Nebraska
^MX-	Mexico	Mexico
^JA-	Japan	Japan
^NH-	USA	NewHampshire
^BR-	Brazil	Brazil
^IN-	USA	Indiana
^FL-	USA	Florida
^BL-	Bolivia	Bolivia
^CT-	USA	Connecticut
^SD-	USA	SouthDakota
^RI-	USA	RhodeIsland
^NP-	Nepal	Nepal
^VE-	Venezuela	Venezuela
^AK-	USA	Alaska
^GA-	USA	Georgia
^MI-	USA	Michigan
^SR-	SaudiArabia	SaudiArabia
^WA-	USA	Washington
^PA-	USA	Pennsylvania
^SC-	USA	SouthCarolina
^ID-	USA	Idaho
^MN-	USA	Minnesota
^OK-	USA	Oklahoma
^TN-	USA	Tennessee
^MT-	USA	Montana
^CO-	USA	Colorado
^RO-	Romania	Romania
^MO-	USA	Missouri
^TU-	Turkey	Turkey
^IT-	Italy	Italy
^MD-	USA	Maryland
^OH-	USA	Ohio
^UT-	USA	Utah
^NV-	USA	Nevada
^AR-	USA	Arkansas
^ME-	USA	Maine
^PY-	Paraguay	Paraguay
^HK-	HongKong	HongKong
^GQ-	Guam	Guam
^MA-	USA	Massachusetts
^NM-	USA	NewMexico
^CA-	USA	California
^VT-	USA	Vermont
^OR-	USA	Oregon
^MS-	USA	Mississippi
^KY-	USA	Kentucky
^ND-	USA	NorthDakota
^JM-	Jamaica	Jamaica
^HO-	Honduras	Honduras
^AL-	USA	Alabama
^PR-	PuertoRico	PuertoRico
^GT-	Guatemala	Guatemala
^LO-	Laos	Laos
^CB-	Cambodia	Cambodia
^VN-	Vietnam	Vietnam
^KR-	Kyrgyzstan	Kyrgyzstan
^DR-	DominicanRepublic	DominicanRepublic
^KN-	Kenya	Kenya
^OM-	Oman	Oman
^BT-	Bhutan	Bhutan
^PH-	Philippines	Philippines
^ES-	ElSalvador	ElSalvador
^SU-	Suriname	Suriname
^EC-	Ecuador	Ecuador
^NU-	Nicaragua	Nicaragua
^DE-	USA	Delaware
^UG-	Uganda	Uganda
^IL-	USA	Illinois
^HA-	Haiti	Haiti
^SA-	SouthAfrica	SouthAfrica
^NI-	Nigeria	Nigeria
^PI-	Micronesia	Micronesia
China	China	China
HK	HongKong	HongKong
/NY/	USA	NewYork
/Pach/	India	India
/VD/	India	India
/KL/	India	India
/TW/	Taiwan	Taiwan
Caen	France	France
Malmo	Sweden	Sweden
Hebei	China	Hebei
Dominica	DominicanRepublic	DominicanRepublic
India	India	India
Virginia	USA	Virginia
Anhui	China	Anhui
Kansas	USA	Kansas
Xian	China	Shaanxi
Changsha	China	Hunan
Oman	Oman	Oman
Roma	Italy	Italy
Peru	Peru	Peru
Quito	Ecuador	Ecuador
Sachsen	Germany	Germany
Tak	Thailand	Thailand
LongAn	Vietnam	Vietnam
Shiga	Japan	Shiga
Hangzhou	China	Zhejiang
Fuzhou	China	Fujian
Hainan	China	Hainan
Viet_Nam	Vietnam	Vietnam
Bavaria	Germany	Germany
Craven	UnitedKingdom	UnitedKingdom
Palau	Palau	Palau
Cote_Divoire	IvoryCoast	IvoryCoast
New_Zealand	NewZealand	NewZealand
Malta	Malta	Malta
Montenegro	Montenegro	Montenegro
Pakistan	Pakistan	Pakistan
Bermuda	Bermuda	Bermuda
Port_Moresby	PapuaNewGuinea	PapuaNewGuinea
Reunion	Reunion	Reunion
British_Virgin_Islands	BritishVirginIslands	BritishVirginIslands
American_Samoa	AmericanSamoa	AmericanSamoa
Tajikistan	Tajikistan	Tajikistan
Serbia	Serbia	Serbia
Senegal	Senegal	Senegal
Yokosuka	Japan	Kanagawa
Phuket	Thailand	Thailand
SouthAfrica	SouthAfrica	SouthAfrica
NewZealand	NewZealand	NewZealand
Bahrain	Bahrain	Bahrain
Kazakstan	Kazakhstan	Kazakhstan
BurkinaFaso	BurkinaFaso	BurkinaFaso
Uppsala	Sweden	Sweden
Gainesville	USA	Florida
BayOfPlenty	NewZealand	NewZealand
Prievidza	Slovakia	Slovakia
Sibiu	Romania	Romania
Sukhothai	Thailand	Thailand
Irkutsk	Russia	Russia
Kragujevac	Serbia	Serbia
Kosice	Slovakia	Slovakia
Lorraine	France	France
Niakhar	Senegal	Senegal
Togo	Togo	Togo
Gambia	Gambia	Gambia
Prachuapkhirikhan	Thailand	Thailand
Asturias	Spain	Spain
Curico	Chile	Chile
Bulgan	Mongolia	Mongolia
Trencin	Slovakia	Slovakia
Burkina_Faso	BurkinaFaso	BurkinaFaso
Arkadia.GR	Greece	Greece
Lamia.GR	Greece	Greece
Astros.GR	Greece	Greece
Indore	India	India
Matagalpa	Nicaragua	Nicaragua
Saipan	NorthernMarianaIslands	NorthernMarianaIslands
Vaslui	Romania	Romania
Segovia	Spain	Spain
Syktyvkar	Russia	Russia
Akhaltsikhe	GeorgiaCountry	GeorgiaCountry
Kirov	Russia	Russia
Plzen	CzechRepublic	CzechRepublic
Tubas	Palestine	Palestine
Majkop	Russia	Russia
Hebron	Palestine	Palestine
Kazan	Russia	Russia
Burgos	Spain	Spain
Sarajevo	BosniaHerzegovina	BosniaHerzegovina
Para	Brazil	Brazil
Ramallah	Palestine	Palestine
Qalqilia	Palestine	Palestine
Tulkarm	Palestine	Palestine
Jericho	Palestine	Palestine
Hormozgan	Iran	Iran
Westmead	Australia	NewSouthWales
Darlinghurst	Australia	NewSouthWales
Brooklyn	USA	NewYork
Freiburg	Germany	Germany
Ho_Chi_Minh	Vietnam	Vietnam
Kowloon	HongKong	HongKong
Srinigar	India	India
Thesssaloniki	Greece	Greece
Yaounde	Cameroon	Cameroon
Bronx	USA	NewYork
Hevecam	Cameroon	Cameroon
Micronesia	Micronesia	Micronesia
Gothenburg	Sweden	Sweden
Klaipeda	Lithuania	Lithuania
Kordestan	Iran	Iran
Telsiai	Lithuania	Lithuania
Palencia	Spain	Spain
Ioannina	Greece	Greece
Jeddah	SaudiArabia	SaudiArabia
Burdur	Turkey	Turkey
Colombo	SriLanka	SriLanka
Dundgobi	Mongolia	Mongolia
Linares	Spain	Spain
Santa_Clara	USA	California
Nauru	Micronesia	Micronesia
Nablus	Palestine	Palestine
Jenin	Palestine	Palestine
Yopougon	IvoryCoast	IvoryCoast
Minneapolis	USA	Minnesota
Skopje	Macedonia	Macedonia
Dmanisi	GeorgiaCountry	GeorgiaCountry
Khobi	GeorgiaCountry	GeorgiaCountry
Corrientes	Argentina	Argentina
Rio_Grande_do_Norte	Brazil	Brazil
Kastamonu	Turkey	Turkey
Samoa	AmericanSamoa	AmericanSamoa
Headington	UnitedKingdom	UnitedKingdom
Croatia	Croatia	Croatia
Armenia	Armenia	Armenia
Mahajanga	Madagascar	Madagascar
Larissa	Greece	Greece
Giessen	Germany	Germany
Nunavut	Canada	Nunavut
Canada_NU	Canada	Nunavut
Saint_Lucia	SaintLucia	SaintLucia
Turks_And_Caicos_Islands	TurksCaicosIslands	TurksCaicosIslands
Bosnia_And_Herzegovina	BosniaHerzegovina	BosniaHerzegovina
Barnaul	Russia	Russia
Vanimo	PapuaNewGuinea	PapuaNewGuinea
Karapitiya	SriLanka	SriLanka
Trikala	Greece	Greece
Tokat	Turkey	Turkey
Jabalpur	India	India
Ruyang	China	Henan
Pohnpei	Micronesia	Micronesia
Modra	Slovakia	Slovakia
Kosrae	Micronesia	Micronesia
Tumen	China	Jilin
Matara	SriLanka	SriLanka
Malatya	Turkey	Turkey
Kirklareli	Turkey	Turkey
Tekirdag	Turkey	Turkey
Kaunas	Lithuania	Lithuania
Marivan	Iran	Iran
Ardebil	Iran	Iran
Veria	Greece	Greece
Sanandaj	Iran	Iran
Alborz	Iran	Iran
Pays_De_La_Loire	France	France
Douala	Cameroon	Cameroon
Tocantins	Brazil	Brazil
Formosa	Argentina	Argentina
Nord_Pas-De-Calais	France	France
NoveZamky	Slovakia	Slovakia
HuttValley	NewZealand	NewZealand
HauteNormandie	France	France
Catamarca	Argentina	Argentina
Chiang_Rai	Thailand	Thailand
Annaba	Algeria	Algeria
Blida	Algeria	Algeria
Salfit	Palestine	Palestine
Cheb	CzechRepublic	CzechRepublic
Ohrid	Macedonia	Macedonia
Zanjan	Iran	Iran
Tetovo	Macedonia	Macedonia
Gostivar	Macedonia	Macedonia
Strumica	Macedonia	Macedonia
Aveiro	Portugal	Portugal
Chiatura	GeorgiaCountry	GeorgiaCountry
Coimbra	Portugal	Portugal
Levice	Slovakia	Slovakia
Portalegre	Portugal	Portugal
Tsqaltubo	GeorgiaCountry	GeorgiaCountry
Castelo_Branco	Portugal	Portugal
Rathnapura	SriLanka	SriLanka
PaysDeLoire	France	France
Kobuleti	GeorgiaCountry	GeorgiaCountry
Hradec_Kralove	CzechRepublic	CzechRepublic
Adjame	IvoryCoast	IvoryCoast
Soria	Spain	Spain
Antalya	Turkey	Turkey
Canada	Canada	Canada
Glasgow	UnitedKingdom	UnitedKingdom
Cairo	Egypt	Egypt
USA	USA	USA
Athens.GR	Greece	Greece
Melilla	Spain	Spain
Ceuta	Spain	Spain
NorthernMarianaIslands	NorthernMarianaIslands	NorthernMarianaIslands
Gomel	Belarus	Belarus
RhodesIsland.GR	Greece	Greece
Flanders	Belgium	Belgium
Kitakyusyu	Japan	Fukuoka
SaoPaulo	Brazil	Brazil
Dnipro	Ukraine	Ukraine
Milano	Italy	Italy
Mures	Romania	Romania
Kosovo	Kosovo	Kosovo
Osorno	Chile	Chile
Talca	Chile	Chile
Melipilla	Chile	Chile
IslaPascua	EasterIsland	EasterIsland
Coquimbo	Chile	Chile
Ioannina.GR	Greece	Greece
Alicante	Spain	Spain
LaSerena	Chile	Chile
MinasGerais	Brazil	Brazil
S?oPaulo	Brazil	Brazil
NordPasdeCalais	France	France
Malmoe	Sweden	Sweden
Skovde	Sweden	Sweden
FrancheComte	France	France
Mumbai	India	India
Picardie	France	France
SaintPetersburg	Russia	Russia
NorthwestAuckland	NewZealand	NewZealand
Tuvalu	Tuvalu	Tuvalu
Bourgogne	France	France
HawkesBay	NewZealand	NewZealand
NelsonMarlborough	NewZealand	NewZealand
Tonga	Tonga	Tonga
Orebro	Sweden	Sweden
BuenosAires	Argentina	Argentina
FrenchGuiana	FrenchGuiana	FrenchGuiana
MatoGrossodoSul	Brazil	Brazil
MatoGrosso	Brazil	Brazil
Zambia	Zambia	Zambia
Rwanda	Rwanda	Rwanda
Zhitomir	Ukraine	Ukraine
Bushehr	Iran	Iran
Samsun	Turkey	Turkey
Adana	Turkey	Turkey
SyrosIsland.GR	Greece	Greece
Volos.GR	Greece	Greece
AthensGR	Greece	Greece
MecklenburgVorpommern	Germany	Germany
Madeira	Madeira	Madeira
Algiers	Algeria	Algeria
Annecy	France	France
Attecoube	IvoryCoast	IvoryCoast
Agnibilekrou	IvoryCoast	IvoryCoast
Ostersund	Sweden	Sweden
Pancevo	Serbia	Serbia
Beograd	Serbia	Serbia
PuntaArenas	Chile	Chile
Eng	UnitedKingdom	UnitedKingdom
Izmir	Turkey	Turkey
Rancagua	Chile	Chile
Chaco	Paraguay	Paraguay
NorthernIreland	UnitedKingdom	UnitedKingdom
Sassari	Italy	Italy
ChiangRai	Thailand	Thailand
Bursa	Turkey	Turkey
Maevatanana	Madagascar	Madagascar
Nitra	Slovakia	Slovakia
Smolensk	Russia	Russia
Kmelnitsk	Ukraine	Ukraine
Galanta	Slovakia	Slovakia
Australia	Australia	Australia
Philippinese	Philippines	Philippines
MexicoCity	Mexico	Mexico
Vaxjo	Sweden	Sweden
CzechRepublic	CzechRepublic	CzechRepublic
Goa	India	India
Yekaterinburg	Russia	Russia
Cankiri	Turkey	Turkey
Haute_Normandie	France	France
LaReunion	Reunion	Reunion
Meknes	Morocco	Morocco
IoanninaGR	Greece	Greece
Tirane	Albania	Albania
Molodechno	Belarus	Belarus
Nis	Serbia	Serbia
Taraz	Kazakhstan	Kazakhstan
Antananarivo	Madagascar	Madagascar
Tsiroanomandidy	Madagascar	Madagascar
Tulkarem	Palestine	Palestine
TrikalaGR	Greece	Greece
Pays_de_Loire	France	France
SaopPaulo	Brazil	Brazil
Franche_Comte	France	France
SantaClara	USA	California
Chios_Island.GR	Greece	Greece
Coronel	Chile	Chile
Copiapo	Chile	Chile
Sari	Iran	Iran
Mecklenburg-Vorpommern	Germany	Germany
Karlstad	Sweden	Sweden
Agadir	Morocco	Morocco
Reims	France	France
Saarland	Germany	Germany
Ilam	Iran	Iran
Finlnad	Finland	Finland
Schleswig-Holstein	Germany	Germany
Tomsk	Russia	Russia
Clermont-Ferrand	France	France
Corte	France	France
Chubut	Argentina	Argentina
Valjevo	Serbia	Serbia
Pozarevac	Serbia	Serbia
Gavle	Sweden	Sweden
Vrancea	Romania	Romania
Yalova	Turkey	Turkey
NosyBe	Madagascar	Madagascar
Diyarbakir	Turkey	Turkey
Provence-Alpes-C?tedAzur	France	France
Aix-en-Provence	France	France
Esteli	Nicaragua	Nicaragua
Moramanga	Madagascar	Madagascar
Aktobe	Kazakhstan	Kazakhstan
Arges	Romania	Romania
ChiosIsland.GR	Greece	Greece
LefkadaIsland.GR	Greece	Greece
Argolida.GR	Greece	Greece
Cocody	IvoryCoast	IvoryCoast
Abobo	IvoryCoast	IvoryCoast
Rondonia	Brazil	Brazil
SchleswigHolstein	Germany	Germany
VinaDelMar	Chile	Chile
Cuprija	Serbia	Serbia
Alsace	France	France
Trollhattan	Sweden	Sweden
Leskovac	Serbia	Serbia
Khmelnytsky	Ukraine	Ukraine
SierraLeone	SierraLeone	SierraLeone
Cuprija	Serbia	Serbia
Tyumen	Russia	Russia
Jujuy	Argentina	Argentina
Nimes	France	France
RioGrandedoSul	Brazil	Brazil
Hatay	Turkey	Turkey
DistrictofColombia	USA	USA
Sagamihara	Japan	Kanagawa
Bacau	Romania	Romania
Chonburi	Thailand	Thailand
SantaFe	USA	NewMexico
Nord_Pas_de_Calais	France	France
SantoDomingo	DominicanRepublic	DominicanRepublic
Sardasht	Iran	Iran
SouthAustrallia	Australia	SouthAustralia
Rouen	France	France
SanSalvador	ElSalvador	ElSalvador
BasseNormandie	France	France
Voroneg	Russia	Russia
Durban	SouthAfrica	SouthAfrica
jiangxidonghu	China	Jiangxi
jilinchaoyang	China	Jilin
yunnananning	China	Yunnan
gansuchengguan	China	Gansu
beijingxicheng	China	Beijing
hubeiwujiagang	China	Hubei
hubeiwuchang	China	Hubei
jilinnanguan	China	Jilin
Huzhou	China	Zhejiang
SanAntonio	USA	Texas
Centre	France	France
DistritoFederal	Brazil	Brazil
Gumushane	Turkey	Turkey
S.Mitrovica	Serbia	Serbia
V.Novgorod	Russia	Russia
Chillan	Chile	Chile
Porto	Portugal	Portugal
Tiznit	Morocco	Morocco
Minab	Iran	Iran
Ghom	Iran	Iran
Suzhou	China	Jiangsu
Linkoping	Sweden	Swden
Sastin	Slovakia	Slovakia
Madeira_PT	Madeira	Madeira
PuertoMontt	Chile	Chile
Rostov-on-Don	Russia	Russia
Beithlehem	Palestine	Palestine
Moscowoblast	Russia	Russia
Finlad	Finland	Finland
Myanmer	Myanmar	Myanmar
ChampagneArdenne	France	France
Portugal	Portugal	Portugal
Patra.GR	Greece	Greece
Irakleio	Greece	Greece
Lund	Sweden	Sweden
Phiippines	Philippines	Philippines
Veitnam	Vietnam	Vietnam
Salfeet	Palestine	Palestine
Vonitsa.GR	Greece	Greece
StVincentAndGrenadines	StVincentAndGrenadines	StVincentAndGrenadines
St.VincentAndGrenadines	StVincentAndGrenadines	StVincentAndGrenadines
Salta	Argentina	Argentina
Irakleio.GR	Greece	Greece
Goteborg	Sweden	Sweden
Vonitsa.GR	Greece	Greece
Praha	CzechRepublic	CzechRepublic
NizhniiNovgorod	Russia	Russia
Rethymno.GR	Greece	Greece
Halmstad	Sweden	Sweden
Dnepropetrovsk	Ukraine	Ukraine
Kalmar	Sweden	Sweden
BritishVirginIslands	BritishVirginIslands	BritishVirginIslands
Coimbra_PT	Portugal	Portugal
Acores_PT	Azores	Azores
Vimmerby	Sweden	Sweden
Lisboa_PT	Portugal	Portugal
Aveiro_PT	Portugal	Portugal
Lasithi.GR	Greece	Greece
Zaporizhzhya	Ukraine	Ukraine
Rethymno.GR	Greece	Greece
Sundsvall	Sweden	Sweden
Chernihiv	Ukraine	Ukraine
Porto_PT	Portugal	Portugal
Leiria_PT	Portugal	Portugal
Beja_PT	Portugal	Portugal
Belarus	Belarus	Belarus
Tajikstan	Tajikistan	Tajikistan
Lviv	Ukraine	Ukraine
Mauritania	Mauritania	Mauritania
Pirgos	Greece	Greece
Aswan	Egypt	Egypt
FtCarson	USA	Colorado
Kakamega	Kenya	Kenya
KenyaCP	Kenya	Kenya
Tianjinnankai	China	Tianjin
Kosova	Kosovo	Kosovo
CherryPoint	USA	NorthCarolina
Portalegre_PT	Portugal	Portugal
HunanChangsha	China	Hunan
Gyeonggibuk	SouthKorea	SouthKorea
Ancona	Italy	Italy
InnerMongolia	Mongolia	Mongolia
Orel	Russia	Russia
Eldoret	Kenya	Kenya
Jinshui	China	Henan
Ternopil	Ukraine	Ukraine
CotedIvorie	IvoryCoast	IvoryCoast
Dolj	Romania	Romania
Kijabe	Kenya	Kenya
Nizhny-Novgorod	Russia	Russia
Santarem_PT	Portugal	Portugal
MarDelPlata	Argentina	Argentina
Amazonas	Brazil	Brazil
Nakuru	Kenya	Kenya
Rostovoblast	Russia	Russia
Keiyo	Kenya	Kenya
SanDiego	USA	California
KathmanduBGN	Nepal	Nepal
Guarda_PT	Portugal	Portugal
Mauritus	Mauritius	Mauritius
Poltava	Ukraine	Ukraine
AddisAbaba	Ethiopia	Ethiopia
Kitale	Kenya	Kenya
PortMoresby	PapuaNewGuinea	PapuaNewGuinea
Falun	Sweden	Sweden
SaudiArabia	SaudiArabia	SaudiArabia
Lesvos.GR	Greece	Greece
CasteloBranco_PT	Portugal	Portugal
Preveza.GR	Greece	Greece
Argos	Greece	Greece
Himeji	Japan	Hyogo
NizhnyNovgorod	Russia	Russia
AbuDhabi	UnitedArabEmirates	UnitedArabEmirates
SaintKitts	SaintKitts	SaintKitts
CasteloBranco_PT	Portugal	Portugal
Chernivtsi	Ukraine	Ukraine
Blagoveshensk	Russia	Russia
Dijon	France	France
Mcensk	Russia	Russia
Acores	Azores	Azores
Korinthos.GR	Greece	Greece
DominicanRep	DominicanRepublic	DominicanRepublic
Livadia.GR	Greece	Greece
Kherlen	Mongolia	Mongolia
Komarno	Slovakia	Slovakia
Tskaltubo	GeorgiaCountry	GeorgiaCountry
LaRioja	Spain	Spain
Baden-W?rttemberg	Germany	Germany
Concepci?n	Chile	Chile
Khentii	Mongolia	Mongolia
Stockolm	Sweden	Sweden
CreteGR	Greece	Greece
Kutaisi	GeorgiaCountry	GeorgiaCountry
CameroonLEID	Cameroon	Cameroon
Mrrakech	Morocco	Morocco
Vilnius	Lithuania	Lithuania
Kyrgyztan	Kyrgyzstan	Kyrgyzstan
SachsenAnhalt	Germany	Germany
Valladolid	Spain	Spain
Ozirgeti	GeorgiaCountry	GeorgiaCountry
Vitebsk	Belarus	Belarus
Doneck	Ukraine	Ukraine
LefkadaGR	Greece	Greece
Skuodas	Lithuania	Lithuania
Dernmark	Denmark	Denmark
Sivas	Turkey	Turkey
Trnava	Slovakia	Slovakia
Safi	Morocco	Morocco
Antsirabe	Madagascar	Madagascar
Kraljevo	Serbia	Serbia
Crimea	Ukraine	Ukraine
Natal	Brazil	Brazil
Temuco	Chile	Chile
Zahedan	Iran	Iran
Villarrica	Chile	Chile
Isla_de_Pascua	EasterIsland	EasterIsland
Toamasina	Madagascar	Madagascar
Sakaeo	Thailand	Thailand
Karaganda	Kazakhstan	Kazakhstan
Oujda	Morocco	Morocco
Morroco	Morocco	Morocco
Boumerdes	Algeria	Algeria
Braga_PT	Portugal	Portugal
Isfahan	Iran	Iran
Konya	Turkey	Turkey
Tver	Russia	Russia
NongKhai	Thailand	Thailand
St.Vincent&TheGrenadines	StVincentAndGrenadines	StVincentAndGrenadines
St.Lucia	SaintLucia	SaintLucia
Poprad	Slovakia	Slovakia
Capital&Coast	NewZealand	NewZealand
VelikyNovgorod	Russia	Russia
Mananjary	Madagascar	Madagascar
Isparta	Turkey	Turkey
Tauranga	NewZealand	NewZealand
VilaReal_PT	Portugal	Portugal
Sale	Morocco	Morocco
Pirot	Serbia	Serbia
CzechRep	CzechRepublic	CzechRepublic
Astrahkan	Russia	Russia
Jambyl	Kazakhstan	Kazakhstan
Setif	Algeria	Algeria
Congo	Congo	Congo
Macon	GeorgiaCountry	GeorgiaCountry
Lille	France	France
Bilthoven	Netherlands	Netherlands
Olt	Romania	Romania
Lota	Chile	Chile
Haryana	India	India
Behoririka	Madagascar	Madagascar
Manjakaray	Madagascar	Madagascar
Semey	Kazakhstan	Kazakhstan
Kostroma	Russia	Russia
Joshkar-Ola	Russia	Russia
Timis	Romania	Romania
Amasya	Turkey	Turkey
Giresun	Turkey	Turkey
Bartin	Turkey	Turkey
Ordu	Turkey	Turkey
Semey	Kazakhstan	Kazakhstan
Maranhao	Brazil	Brazil
Nevsehir	Turkey	Turkey
Kocaeli	Turkey	Turkey
Arad	Romania	Romania
Vladikavkaz	Russia	Russia
Partizanske	Slovakia	Slovakia
IIV-Moscow	Russia	Russia
Bari	Italy	Italy
Iraklio.GR	Greece	Greece
Michalovce	Slovakia	Slovakia
Gorj	Romania	Romania
Teleorman	Romania	Romania
Itaosy	Madagascar	Madagascar
Uralsk	Russia	Russia
Petropavlovsk	Russia	Russia
Tsaralalana	Madagascar	Madagascar
Tulcea	Romania	Romania
Ufa	Russia	Russia
Blagoveshchensk	Russia	Russia
Buryatia	Russia	Russia
Komi	Russia	Russia
Brest	France	France
Ryazan	Russia	Russia
Bangalore	India	India
Punjab	India	India
KhonKaen	Thailand	Thailand
Pathumthani	Thailand	Thailand
Sobotiste	Slovakia	Slovakia
Malacky	Slovakia	Slovakia
Kurgan	Russia	Russia
Beijingdongcheng	China	Beijing
Beijingchongwen	China	Beijing
Beijinghuairou	China	Beijing
Beijingfangshan	China	Beijing
Beijinghuairou	China	Beijing
Beijingshijingshan	China	Beijing
Beijingchaoyang	China	Beijing
Beijinghaidian	China	Beijing
Beijingdaxing	China	Beijing
Beijignshijingshan	China	Beijing
Beijingmiyun	China	Beijing
Beijingmentougou	China	Beijing
Mozambique	Mozambique	Mozambique
Rajasthan	India	India
Isahaya	Japan	Nagasaki
Dubai	UnitedArabEmirates	UnitedArabEmirates
NizhniNovgorod	Russia	Russia
LongYan	China	Fujian
ZhangZhou	China	Fujian
SanMing	China	Fujian
Maynmar	Myanmar	Myanmar
Nakhonratchaisma	Thailand	Thailand
Punta_Arenas	Chile	Chile
Nueva_Imperial	Chile	Chile
N.Novgorod	Russia	Russia
RioGrandeDoNorte	Brazil	Brazil
Rayong	Thailand	Thailand
La_Serena	Chile	Chile
Mali	Mali	Mali
NorthwestTerritories	Canada	NorthwestTerritories
Alania	Russia	Russia
Urengoy	Russia	Russia
Dagestan	Russia	Russia
Barwani	India	India
Ujjain	India	India
Pucon	Chile	Chile
Lautaro	Chile	Chile
